Accession	Cell	Cell.Type	Treatment	Antibody	TF
wgEncodeEH003439	MCF-7		serum_starved_media	eGFP-JunD	JUND
wgEncodeEH003438	MCF-7		serum_starved_media	eGFP-JunD	JUND
wgEncodeEH003437	MCF-7		serum_starved_media	eGFP-JunD	JUND
wgEncodeEH003436	MCF-7		serum_stimulated_media	eGFP-JunD	JUND
wgEncodeEH003435	MCF-7		serum_stimulated_media	eGFP-JunD	JUND
wgEncodeEH003434	MCF-7		serum_stimulated_media	eGFP-JunD	JUND
wgEncodeEH003356	K562		none	ELK1_(1277-1)	ELK1
wgEncodeEH003214	H1-hESC		none	CTCF	TEAD4
wgEncodeEH003212	GM12878		none	CTCF	CEBPB
wgEncodeEH003210	K562		none	CTCF	TRIM28
wgEncodeEH003093	K562		none	HDAC6_(A301-341A)	HDAC6
wgEncodeEH003086	HeLa-S3		none	EZH2_(39875)	EZH2
wgEncodeEH003084	HUVEC		none	EZH2_(39875)	EZH2
wgEncodeEH003083	HSMMtube		none	EZH2_(39875)	EZH2
wgEncodeEH003082	H1-hESC		none	EZH2_(39875)	EZH2
wgEncodeEH003080	Dnd41		none	EZH2_(39875)	EZH2
wgEncodeEH002869	K562		none	Max	MAX
wgEncodeEH002868	GM12878		none	SIN3A_(NB600-1263)	SIN3A
wgEncodeEH002867	GM12878		none	E2F4	E2F4
wgEncodeEH002866	GM08714		none	ZNF274	ZNF274
wgEncodeEH002865	K562		none	ATF1_(06-325)	ATF1
wgEncodeEH002864	HeLa-S3		none	ELK1_(1277-1)	ELK1
wgEncodeEH002863	K562		none	UBF_(sc-13125)	UBTF
wgEncodeEH002862	K562		none	MAZ_(ab85725)	MAZ
wgEncodeEH002861	K562		none	ARID3A_(sc-8821)	ARID3A
wgEncodeEH002860	HepG2		none	MAZ_(ab85725)	MAZ
wgEncodeEH002858	HepG2		none	ARID3A_(NB100-279)	ARID3A
wgEncodeEH002857	HeLa-S3		none	ZKSCAN1_(HPA006672)	ZKSCAN1
wgEncodeEH002856	HeLa-S3		none	MafK_(ab50322)	MAFK
wgEncodeEH002855	HeLa-S3		none	MAZ_(ab85725)	MAZ
wgEncodeEH002854	H1-hESC		none	SIN3A_(NB600-1263)	SIN3A
wgEncodeEH002853	GM12878		none	TBLR1_(ab24550)	TBL1XR1
wgEncodeEH002852	GM12878		none	MAZ_(ab85725)	MAZ
wgEncodeEH002851	GM12878		none	ELK1_(1277-1)	ELK1
wgEncodeEH002850	K562		none	UBTF_(SAB1404509)	UBTF
wgEncodeEH002849	K562		none	TBLR1_(ab24550)	TBL1XR1
wgEncodeEH002848	K562		none	TBLR1_(NB600-270)	TBL1XR1
wgEncodeEH002847	K562		none	COREST_(ab24166)	RCOR1
wgEncodeEH002846	K562		none	Bach1_(sc-14700)	BACH1
wgEncodeEH002845	HepG2		none	COREST_(sc-30189)	RCOR1
wgEncodeEH002844	HeLa-S3		none	COREST_(sc-30189)	RCOR1
wgEncodeEH002843	H1-hESC		none	GTF2F1_(AB28179)	GTF2F1
wgEncodeEH002842	H1-hESC		none	Bach1_(sc-14700)	BACH1
wgEncodeEH002841	GM12878		none	COREST_(sc-30189)	RCOR1
wgEncodeEH002840	MCF10A-Er-Src		4OHTAM_1uM_4hr	c-Myc	MYC
wgEncodeEH002839	MCF10A-Er-Src		4OHTAM_1uM_36hr	c-Fos	FOS
wgEncodeEH002838	MCF10A-Er-Src		4OHTAM_1uM_4hr	c-Fos	FOS
wgEncodeEH002837	MCF10A-Er-Src		4OHTAM_1uM_12hr	c-Fos	FOS
wgEncodeEH002836	MCF10A-Er-Src		4OHTAM_1uM_12hr	STAT3	STAT3
wgEncodeEH002835	MCF10A-Er-Src		4OHTAM_1uM_36hr	E2F4	E2F4
wgEncodeEH002834	K562		none	p300	EP300
wgEncodeEH002833	K562		none	Pol2(phosphoS2)	POLR2A
wgEncodeEH002832	IMR90		none	MafK_(ab50322)	MAFK
wgEncodeEH002831	IMR90		none	CTCF_(SC-15914)	CTCF
wgEncodeEH002830	HeLa-S3		none	Max	MAX
wgEncodeEH002829	H1-hESC		none	Mxi1_(AF4185)	MXI1
wgEncodeEH002828	H1-hESC		none	MafK_(ab50322)	MAFK
wgEncodeEH002827	H1-hESC		none	CHD2_(AB68301)	CHD2
wgEncodeEH002826	H1-hESC		none	CHD1_(A301-218A)	CHD1
wgEncodeEH002825	H1-hESC		none	CEBPB	CEBPB
wgEncodeEH002824	GM12878		none	p300	EP300
wgEncodeEH002823	GM12878		none	CHD1_(A301-218A)	CHD1
wgEncodeEH002822	A549		none	Rad21	RAD21
wgEncodeEH002821	A549		none	Pol2(phosphoS2)	POLR2A
wgEncodeEH002820	A549		none	Max	MAX
wgEncodeEH002818	A549		none	CEBPB	CEBPB
wgEncodeEH002817	A549		none	BHLHE40	BHLHE40
wgEncodeEH002816	MCF10A-Er-Src		EtOH_0.01pct	c-Myc	MYC
wgEncodeEH002815	MCF10A-Er-Src		EtOH_0.01pct	c-Fos	FOS
wgEncodeEH002814	K562		none	COREST_(sc-30189)	RCOR1
wgEncodeEH002813	HeLa-S3		none	TCF7L2_C9B9_(2565)	TCF7L2
wgEncodeEH002812	MCF-7		none	GATA3_(SC-269)	GATA3
wgEncodeEH002811	GM12878		none	IKZF1_(IkN)_(UCLA)	IKZF1
wgEncodeEH002810	IMR90		none	Rad21	RAD21
wgEncodeEH002809	IMR90		none	Pol2	POLR2A
wgEncodeEH002807	IMR90		none	CEBPB	CEBPB
wgEncodeEH002806	GM12878		none	Max	MAX
wgEncodeEH002805	K562		IFNa30	c-Jun	JUN
wgEncodeEH002804	K562		none	MafF_(M8194)	MAFF
wgEncodeEH002802	H1-hESC		none	Znf143_(16618-1-AP)	ZNF143
wgEncodeEH002801	H1-hESC		none	BRCA1_(A300-000A)	BRCA1
wgEncodeEH002800	K562		none	c-Myc	MYC
wgEncodeEH002799	K562		IFNg30	IRF1	IRF1
wgEncodeEH002798	K562		IFNa6h	IRF1	IRF1
wgEncodeEH002797	K562		none	CTCF_(SC-15914)	CTCF
wgEncodeEH002796	HepG2		none	Max	MAX
wgEncodeEH002795	H1-hESC		none	c-Myc	MYC
wgEncodeEH002548	NHLF		none	CTCF	CTCF
wgEncodeEH002547	HFF		none	CTCF	CTCF
wgEncodeEH002529	GM12878		none	CTCF	FOXM1
wgEncodeEH002438	NHDF-Ad		none	EZH2_(39875)	EZH2
wgEncodeEH002425	NH-A		none	EZH2_(39875)	EZH2
wgEncodeEH002422	NHLF		none	EZH2_(39875)	EZH2
wgEncodeEH002418	NHEK		none	EZH2_(39875)	EZH2
wgEncodeEH002416	HepG2		none	EZH2_(39875)	EZH2
wgEncodeEH002415	HSMM		none	EZH2_(39875)	EZH2
wgEncodeEH002412	HMEC		none	EZH2_(39875)	EZH2
wgEncodeEH002411	GM12878		none	EZH2_(39875)	EZH2
wgEncodeEH002402	Dnd41		none	CTCF	CTCF
wgEncodeEH002383	K562		none	CTCF	CBX3
wgEncodeEH002382	K562		none	CTCF	NR2F2
wgEncodeEH002347	K562		none	CTCF	STAT5
wgEncodeEH002346	K562		none	CTCF	CEBPB
wgEncodeEH002345	HepG2		none	CTCF	TEAD4
wgEncodeEH002344	HepG2		none	CTCF	MYBL2
wgEncodeEH002343	GM12878		none	CTCF	NFIC
wgEncodeEH002342	A549		EtOH_0.02pct	CTCF	SIN3A
wgEncodeEH002341	A549		EtOH_0.02pct	CTCF	SIX5
wgEncodeEH002333	K562		none	CTCF	TEAD4
wgEncodeEH002330	GM12878		none	CTCF	RUNX3
wgEncodeEH002329	GM12878		none	CTCF	MTA3
wgEncodeEH002328	GM12878		none	CTCF	EGR1
wgEncodeEH002323	A549		DEX_100nM	CTCF	CREB1
wgEncodeEH002321	GM12878		none	CTCF	STAT5
wgEncodeEH002320	K562		none	CTCF	PML
wgEncodeEH002319	HepG2		none	CTCF	NFIC
wgEncodeEH002318	HepG2		none	CTCF	MBD4
wgEncodeEH002317	H1-hESC		none	CTCF	SP4
wgEncodeEH002316	H1-hESC		none	CTCF	ATF2
wgEncodeEH002315	GM12878		none	CTCF	TCF3
wgEncodeEH002314	GM12878		none	CTCF	REST
wgEncodeEH002313	ECC-1		BPA_100nM	CTCF	ESR1
wgEncodeEH002312	A549		EtOH_0.02pct	CTCF	TCF12
wgEncodeEH002311	A549		EtOH_0.02pct	CTCF	REST
wgEncodeEH002310	A549		EtOH_0.02pct	CTCF	FOSL2
wgEncodeEH002309	PFSK-1		none	CTCF	TAF1
wgEncodeEH002308	GM12878		none	CTCF	PML
wgEncodeEH002307	GM12878		none	CTCF	NFATC1
wgEncodeEH002306	GM12878		none	CTCF	ATF2
wgEncodeEH002305	HepG2		none	CTCF	CEBPB
wgEncodeEH002304	HepG2		none	CTCF	CEBPB
wgEncodeEH002303	A549		EtOH_0.02pct	CTCF	BCL3
wgEncodeEH002302	H1-hESC		none	CTCF	SP2
wgEncodeEH002301	SK-N-SH		none	CTCF	TAF1
wgEncodeEH002300	ECC-1		DMSO_0.02pct	CTCF	CTCF
wgEncodeEH002299	T-47D		BPA_100nM	CTCF	ESR1
wgEncodeEH002298	HUVEC		none	CTCF	POLR2
wgEncodeEH002297	HUVEC		none	CTCF	POLR2A
wgEncodeEH002296	HepG2		none	CTCF	ZBTB7A
wgEncodeEH002295	A549		EtOH_0.02pct	CTCF	ZBTB33
wgEncodeEH002294	A549		EtOH_0.02pct	CTCF	GABPA
wgEncodeEH002293	A549		DEX_100nM	CTCF	FOXA1
wgEncodeEH002292	A549		EtOH_0.02pct	CTCF	EP300
wgEncodeEH002291	A549		EtOH_0.02pct	CTCF	USF1
wgEncodeEH002290	A549		EtOH_0.02pct	CTCF	ETS1
wgEncodeEH002289	A549		EtOH_0.02pct	CTCF	ELF1
wgEncodeEH002288	A549		EtOH_0.02pct	CTCF	ATF3
wgEncodeEH002282	A549		EtOH_0.02pct	CTCF	YY1
wgEncodeEH002281	SK-N-MC		none	CTCF	POLR2
wgEncodeEH002279	K562		none	CTCF	CTCF
wgEncodeEH002278	HepG2		none	CTCF	POLR2
wgEncodeEH002275	A549		EtOH_0.02pct	CTCF	TAF1
wgEncodeEH002271	SK-N-SH		none	CTCF	SIN3A
wgEncodeEH002270	SK-N-SH		none	CTCF	POLR2
wgEncodeEH002269	SK-N-SH		none	CTCF	REST
wgEncodeEH002268	PFSK-1		none	CTCF	SIN3A
wgEncodeEH002266	PANC-1		none	CTCF	SIN3A
wgEncodeEH002265	PANC-1		none	CTCF	POLR2
wgEncodeEH002264	HepG2		none	CTCF	SP2
wgEncodeEH002263	HepG2		none	CTCF	REST
wgEncodeEH002164	K562		none	JunD	JUND
wgEncodeEH002096	H1-hESC		none	JARID1A_(ab26049)	KDM5A
wgEncodeEH002095	H1-hESC		none	CHD1_(A301-218A)	CHD1
wgEncodeEH002094	K562		none	SAP30_(39731)	SAP30
wgEncodeEH002093	K562		none	RBBP5_(A300-109A)	RBBP5
wgEncodeEH002092	K562		none	PHF8_(A301-772A)	PHF8
wgEncodeEH002091	K562		none	HDAC2_(A300-705A)	HDAC2
wgEncodeEH002090	K562		none	HDAC1_(SC-6298)	HDAC1
wgEncodeEH002089	K562		none	EZH2_(39875)	EZH2
wgEncodeEH002088	K562		none	CHD1_(A301-218A)	CHD1
wgEncodeEH002087	H1-hESC		none	RBBP5_(A300-109A)	RBBP5
wgEncodeEH002086	K562		none	p300	EP300
wgEncodeEH002085	K562		none	PLU1	KDM5B
wgEncodeEH002079	A549		none	eGFP-JunD	JUND
wgEncodeEH002078	A549		none	eGFP-JunD	JUND
wgEncodeEH002072	MCF-7		none	TCF7L2	TCF7L2
wgEncodeEH002071	PANC-1		none	TCF7L2	TCF7L2
wgEncodeEH002069	HeLa-S3		none	TCF7L2	TCF7L2
wgEncodeEH002068	K562		none	ZNF274_(M01)	ZNF274
wgEncodeEH002067	HeLa-S3		none	NF-YB	NFYB
wgEncodeEH002066	HeLa-S3		none	NF-YA	NFYA
wgEncodeEH002065	GM12878		none	NF-YB	NFYB
wgEncodeEH002064	GM12878		none	NF-YA	NFYA
wgEncodeEH002059	RPTEC		none	CTCF	CTCF
wgEncodeEH002058	NHDF-neo		none	CTCF	CTCF
wgEncodeEH002057	MCF-7		none	CTCF	CTCF
wgEncodeEH002056	HVMF		none	CTCF	CTCF
wgEncodeEH002055	HCT-116		none	CTCF	CTCF
wgEncodeEH002037	GM12878		none	p300_(SC-584)	EP300
wgEncodeEH002036	MCF-7		none	ZNF217	ZNF217
wgEncodeEH002035	MCF-7		none	GATA3_(SC-268)	GATA3
wgEncodeEH002033	K562		none	RFX5_(200-401-194)	RFX5
wgEncodeEH002032	HepG2		none	BHLHE40_(NB100-1800)	BHLHE40
wgEncodeEH002031	SH-SY5Y		none	GATA3_(SC-269)	GATA3
wgEncodeEH002030	K562		none	Znf143_(16618-1-AP)	ZNF143
wgEncodeEH002029	HepG2		none	Mxi1_(AF4185)	MXI1
wgEncodeEH002028	HeLa-S3		none	Znf143_(16618-1-AP)	ZNF143
wgEncodeEH002027	HeLa-S3		none	CHD2_(AB68301)	CHD2
wgEncodeEH002026	GM12878		none	Mxi1_(AF4185)	MXI1
wgEncodeEH002025	GM12878		none	BHLHE40_(NB100-1800)	BHLHE40
wgEncodeEH002024	K562		none	NF-YB	NFYB
wgEncodeEH002023	H1-hESC		none	JunD	JUND
wgEncodeEH002022	HEK293		none	TCF7L2	TCF7L2
wgEncodeEH002021	K562		none	NF-YA	NFYA
wgEncodeEH001902	WI-38		none	CTCF	CTCF
wgEncodeEH001898	NB4		none	CTCF	CTCF
wgEncodeEH001895	HFF-Myc		none	CTCF	CTCF
wgEncodeEH001894	HCM		none	CTCF	CTCF
wgEncodeEH001893	HAc		none	CTCF	CTCF
wgEncodeEH001891	BE2_C		none	CTCF	CTCF
wgEncodeEH001890	A549		none	CTCF	CTCF
wgEncodeEH001872	HeLa-S3		none	ZZZ3	ZZZ3
wgEncodeEH001871	MCF10A-Er-Src		EtOH_0.01pct_4hr	STAT3	STAT3
wgEncodeEH001868	MCF10A-Er-Src		EtOH_0.01pct_12hr	STAT3	STAT3
wgEncodeEH001867	K562		IFNg30	c-Myc	MYC
wgEncodeEH001866	K562		IFNg6h	IRF1	IRF1
wgEncodeEH001865	K562		IFNa30	IRF1	IRF1
wgEncodeEH001864	K562		none	CCNT2	CCNT2
wgEncodeEH001863	K562		none	HMGN3	HMGN3
wgEncodeEH001862	HepG2		none	p300_(SC-584)	EP300
wgEncodeEH001861	HepG2		none	SMC3_(ab9263)	SMC3
wgEncodeEH001860	HepG2		none	Pol2(phosphoS2)	POLR2A
wgEncodeEH001859	HepG2		none	BRCA1_(A300-000A)	BRCA1
wgEncodeEH001858	GM12878		none	Pol2(phosphoS2)	POLR2A
wgEncodeEH001857	K562		none	BHLHE40_(NB100-1800)	BHLHE40
wgEncodeEH001855	HeLa-S3		none	SPT20	SUPT20H
wgEncodeEH001854	H1-hESC		none	c-Jun	JUN
wgEncodeEH001853	GM12878		none	Znf143_(16618-1-AP)	ZNF143
wgEncodeEH001852	GM12878		none	STAT1	STAT1
wgEncodeEH001851	GM12878		none	CTCF_(SC-15914)	CTCF
wgEncodeEH001850	HepG2		none	MafK_(SC-477)	MAFK
wgEncodeEH001848	H1-hESC		none	TBP	TBP
wgEncodeEH001847	H1-hESC		none	Nrf1	NRF1
wgEncodeEH001846	GM12878		none	Nrf1	NRF1
wgEncodeEH001845	K562		none	SMC3_(ab9263)	SMC3
wgEncodeEH001844	K562		none	MafK_(ab50322)	MAFK
wgEncodeEH001843	HepG2		none	RFX5_(200-401-194)	RFX5
wgEncodeEH001842	HepG2		none	MafK_(ab50322)	MAFK
wgEncodeEH001841	HepG2		none	MafF_(M8194)	MAFF
wgEncodeEH001840	HepG2		none	CHD2_(AB68301)	CHD2
wgEncodeEH001839	HeLa-S3		none	SMC3_(ab9263)	SMC3
wgEncodeEH001838	HeLa-S3		none	Pol2(phosphoS2)	POLR2A
wgEncodeEH001837	H1-hESC		none	USF2	USF2
wgEncodeEH001836	H1-hESC		none	Rad21	RAD21
wgEncodeEH001835	H1-hESC		none	RFX5_(200-401-194)	RFX5
wgEncodeEH001833	GM12878		none	SMC3_(ab9263)	SMC3
wgEncodeEH001832	GM12878		none	EBF1_(SC-137065)	EBF1
wgEncodeEH001831	GM12878		none	CHD2_(AB68301)	CHD2
wgEncodeEH001830	GM12878		none	BRCA1_(A300-000A)	BRCA1
wgEncodeEH001829	HepG2		none	CEBPB	CEBPB
wgEncodeEH001827	K562		none	Mxi1_(AF4185)	MXI1
wgEncodeEH001826	HeLa-S3		none	Mxi1_(AF4185)	MXI1
wgEncodeEH001825	K562		none	TBP	TBP
wgEncodeEH001824	K562		none	TAL1_(SC-12984)	TAL1
wgEncodeEH001823	K562		none	GTF2F1_(AB28179)	GTF2F1
wgEncodeEH001822	K562		none	CHD2_(AB68301)	CHD2
wgEncodeEH001821	K562		none	CEBPB	CEBPB
wgEncodeEH001820	HeLa-S3		none	p300_(SC-584)	EP300
wgEncodeEH001819	HeLa-S3		none	USF2	USF2
wgEncodeEH001818	HeLa-S3		none	RFX5_(200-401-194)	RFX5
wgEncodeEH001817	HeLa-S3		none	PRDM1_(9115)	PRDM1
wgEncodeEH001816	HeLa-S3		none	GTF2F1_(AB28179)	GTF2F1
wgEncodeEH001815	HeLa-S3		none	CEBPB	CEBPB
wgEncodeEH001814	HeLa-S3		none	BRCA1_(A300-000A)	BRCA1
wgEncodeEH001812	GM12878		none	USF2	USF2
wgEncodeEH001811	GM12878		none	STAT3	STAT3
wgEncodeEH001810	GM12878		none	RFX5_(200-401-194)	RFX5
wgEncodeEH001808	GM12878		none	NF-E2_(SC-22827)	NFE2
wgEncodeEH001807	NB4		none	c-Myc	MYC
wgEncodeEH001806	NB4		none	Max	MAX
wgEncodeEH001805	K562		none	Pol2(phosphoS2)	POLR2A
wgEncodeEH001804	HepG2		none	USF2	USF2
wgEncodeEH001803	HepG2		none	Rad21	RAD21
wgEncodeEH001802	HepG2		none	Nrf1	NRF1
wgEncodeEH001801	HepG2		none	JunD	JUND
wgEncodeEH001800	HepG2		none	IRF3	IRF3
wgEncodeEH001799	HeLa-S3		none	STAT3	STAT3
wgEncodeEH001798	GM12878		none	TBP	TBP
wgEncodeEH001797	K562		none	USF2	USF2
wgEncodeEH001796	K562		none	Nrf1	NRF1
wgEncodeEH001794	HepG2		none	c-Jun	JUN
wgEncodeEH001793	HepG2		none	TBP	TBP
wgEncodeEH001792	HepG2		none	Pol2	POLR2A
wgEncodeEH001790	HeLa-S3		none	TBP	TBP
wgEncodeEH001789	HeLa-S3		none	Rad21	RAD21
wgEncodeEH001788	HeLa-S3		none	IRF3	IRF3
wgEncodeEH001787	GM12878		none	WHIP	WRNIP1
wgEncodeEH001785	PBDEFetal		none	GATA-1	GATA1
wgEncodeEH001781	HEK293-T-REx		none	ZNF263	ZNF263
wgEncodeEH001780	HepG2		none	TCF7L2	TCF7L2
wgEncodeEH001779	HEK293		none	KAP1	TRIM28
wgEncodeEH001776	U2OS		none	KAP1	TRIM28
wgEncodeEH001775	NT2-D1		none	ZNF274	ZNF274
wgEncodeEH001774	HUVEC		none	c-Fos	FOS
wgEncodeEH001773	HEK293		none	ELK4	ELK4
wgEncodeEH001772	MCF10A-Er-Src		EtOH_0.01pct	STAT3	STAT3
wgEncodeEH001771	MCF10A-Er-Src		EtOH_0.01pct	Pol2	POLR2A
wgEncodeEH001770	SH-SY5Y		none	GATA-2	GATA2
wgEncodeEH001769	MCF10A-Er-Src		4OHTAM_1uM_36hr	STAT3	STAT3
wgEncodeEH001768	MCF10A-Er-Src		4OHTAM_1uM_36hr	Pol2	POLR2A
wgEncodeEH001767	H1-hESC		none	CtBP2	CTBP2
wgEncodeEH001766	PBDE		none	Pol2	POLR2A
wgEncodeEH001765	PBDE		none	GATA-1	GATA1
wgEncodeEH001764	K562		none	KAP1	TRIM28
wgEncodeEH001763	HeLa-S3		none	ZNF274	ZNF274
wgEncodeEH001762	U2OS		none	SETDB1	SETDB1
wgEncodeEH001761	Raji		none	Pol2	POLR2A
wgEncodeEH001758	HUVEC		none	GATA-2	GATA2
wgEncodeEH001757	H1-hESC		none	Max	MAX
wgEncodeEH001756	GM12878		none	ZNF274	ZNF274
wgEncodeEH001755	HepG2		none	ZNF274	ZNF274
wgEncodeEH001753	HeLa-S3		none	ELK4	ELK4
wgEncodeEH001752	H1-hESC		none	SUZ12	SUZ12
wgEncodeEH001674	U87		none	CTCF	POLR2
wgEncodeEH001672	HCT-116		none	CTCF	ZBTB33
wgEncodeEH001671	HCT-116		none	CTCF	YY1
wgEncodeEH001663	K562		none	CTCF	MEF2A
wgEncodeEH001662	K562		none	CTCF	ATF3
wgEncodeEH001661	HepG2		none	CTCF	YY1
wgEncodeEH001660	H1-hESC		none	CTCF	FOSL1
wgEncodeEH001659	H1-hESC		none	CTCF	HDAC2
wgEncodeEH001658	GM12878		none	CTCF	BCL3
wgEncodeEH001657	GM12878		none	CTCF	YY1
wgEncodeEH001656	T-47D		DMSO_0.02pct	CTCF	CTCF
wgEncodeEH001655	K562		none	CTCF	THAP1
wgEncodeEH001654	K562		none	CTCF	TAF7
wgEncodeEH001653	K562		none	CTCF	SP2
wgEncodeEH001652	K562		none	CTCF	CTCF
wgEncodeEH001651	HepG2		none	CTCF	HNF4G
wgEncodeEH001650	HepG2		none	CTCF	FOXA2
wgEncodeEH001649	H1-hESC		none	CTCF	CTCF
wgEncodeEH001648	GM12878		none	CTCF	MEF2C
wgEncodeEH001646	K562		none	CTCF	EGR1
wgEncodeEH001645	GM12878		none	CTCF	ZEB1
wgEncodeEH001641	HepG2		none	CTCF	ELF1
wgEncodeEH001640	GM12878		none	CTCF	RAD21
wgEncodeEH001639	T-47D		DMSO_0.02pct	CTCF	GATA3
wgEncodeEH001638	K562		none	CTCF	REST
wgEncodeEH001637	K562		none	CTCF	FOSL1
wgEncodeEH001636	H1-hESC		none	CTCF	POU5F1
wgEncodeEH001635	H1-hESC		none	CTCF	NANOG
wgEncodeEH001633	K562		none	CTCF	POLR2A
wgEncodeEH001630	HepG2		none	CTCF	FOXA1
wgEncodeEH001629	HeLa-S3		none	CTCF	REST
wgEncodeEH001627	HCT-116		none	CTCF	POLR2A
wgEncodeEH001623	K562		none	CTCF	YY1
wgEncodeEH001622	K562		none	CTCF	HDAC2
wgEncodeEH001621	SK-N-SH_RA		none	CTCF	USF1
wgEncodeEH001620	K562		none	CTCF	ZBTB7A
wgEncodeEH001619	K562		none	CTCF	ELF1
wgEncodeEH001618	HepG2		none	CTCF	HDAC2
wgEncodeEH001617	GM12878		none	CTCF	ELF1
wgEncodeEH001616	SK-N-SH_RA		none	CTCF	EP300
wgEncodeEH001615	SK-N-SH_RA		none	CTCF	YY1
wgEncodeEH001614	SK-N-SH_RA		none	CTCF	RAD21
wgEncodeEH001613	SK-N-SH_RA		none	CTCF	CTCF
wgEncodeEH001612	HepG2		none	CTCF	EP300
wgEncodeEH001611	HepG2		none	CTCF	SRF
wgEncodeEH001610	H1-hESC		none	CTCF	TAF7
wgEncodeEH001609	GM12892		none	CTCF	YY1
wgEncodeEH001608	HepG2		none	CTCF	RAD21
wgEncodeEH001607	K562		none	CTCF	SIN3A
wgEncodeEH001605	K562		none	CTCF	MAX
wgEncodeEH001604	K562		none	CTCF	GABPA
wgEncodeEH001602	T-47D		DMSO_0.02pct	CTCF	EP300
wgEncodeEH001600	K562		none	CTCF	SRF
wgEncodeEH001598	K562		none	CTCF	E2F6
wgEncodeEH001595	HepG2		none	CTCF	HNF4A
wgEncodeEH001594	HepG2		none	CTCF	FOXA1
wgEncodeEH001593	H1-hESC		none	CTCF	RAD21
wgEncodeEH001588	T-47D		DMSO_0.02pct	CTCF	FOXA1
wgEncodeEH001586	ECC-1		DMSO_0.02pct	CTCF	FOXA1
wgEncodeEH001585	K562		none	CTCF	RAD21
wgEncodeEH001584	K562		none	CTCF	YY1
wgEncodeEH001583	K562		none	CTCF	USF1
wgEncodeEH001582	K562		none	CTCF	TAF1
wgEncodeEH001581	K562		none	CTCF	POLR2
wgEncodeEH001580	K562		none	CTCF	ETS1
wgEncodeEH001579	H1-hESC		none	CTCF	JUND
wgEncodeEH001578	K562		none	CTCF	SP1
wgEncodeEH001577	T-47D		Estradiol_10nM	CTCF	ESR1
wgEncodeEH001576	K562		none	CTCF	GATA2
wgEncodeEH001575	ECC-1		Genistein_100nM	CTCF	ESR1
wgEncodeEH001574	H1-hESC		none	CTCF	EP300
wgEncodeEH001573	GM12891		none	CTCF	YY1
wgEncodeEH001572	ECC-1		DMSO_0.02pct	CTCF	POLR2
wgEncodeEH001571	K562		none	CTCF	BCLAF1
wgEncodeEH001570	K562		none	CTCF	BCL3
wgEncodeEH001569	K562		none	CTCF	ZBTB33
wgEncodeEH001568	HepG2		none	CTCF	ATF3
wgEncodeEH001567	H1-hESC		none	CTCF	YY1
wgEncodeEH001566	H1-hESC		none	CTCF	ATF3
wgEncodeEH001565	GM12878		none	CTCF	MEF2A
wgEncodeEH001564	GM12878		none	CTCF	ETS1
wgEncodeEH001563	GM12878		none	CTCF	BCLAF1
wgEncodeEH001562	GM12878		none	CTCF	ATF3
wgEncodeEH001561	HepG2		none	CTCF	SP1
wgEncodeEH001560	H1-hESC		none	CTCF	RXRA
wgEncodeEH001556	T-47D		Genistein_100nM	CTCF	ESR1
wgEncodeEH001555	A549		DEX_100nM	CTCF	NR3C1
wgEncodeEH001554	U87		none	CTCF	REST
wgEncodeEH001553	PFSK-1		none	CTCF	REST
wgEncodeEH001552	PANC-1		none	CTCF	REST
wgEncodeEH001551	HepG2		none	CTCF	TAF1
wgEncodeEH001550	HepG2		none	CTCF	POLR2A
wgEncodeEH001549	HepG2		none	CTCF	REST
wgEncodeEH001548	HepG2		none	CTCF	GABPA
wgEncodeEH001547	SK-N-SH		none	CTCF	REST
wgEncodeEH001546	GM12892		none	CTCF	PAX5
wgEncodeEH001545	GM12891		none	CTCF	PAX5
wgEncodeEH001544	HepG2		none	CTCF	TCF12
wgEncodeEH001542	GM12878		none	CTCF	SIX5
wgEncodeEH001541	GM12878		none	CTCF	RXRA
wgEncodeEH001540	ECC-1		DEX_100nM	CTCF	NR3C1
wgEncodeEH001539	A549		EtOH_0.02pct	CTCF	USF1
wgEncodeEH001538	H1-hESC		none	CTCF	EGR1
wgEncodeEH001536	ECC-1		Estradiol_10nM	CTCF	ESR1
wgEncodeEH001534	H1-hESC		none	CTCF	GABPA
wgEncodeEH001533	H1-hESC		none	CTCF	SRF
wgEncodeEH001532	H1-hESC		none	CTCF	USF1
wgEncodeEH001531	H1-hESC		none	CTCF	TCF12
wgEncodeEH001530	H1-hESC		none	CTCF	SIN3A
wgEncodeEH001529	H1-hESC		none	CTCF	SP1
wgEncodeEH001528	H1-hESC		none	CTCF	SIX5
wgEncodeEH001527	H1-hESC		none	CTCF	BCL11A
wgEncodeEH001524	GM12891		none	CTCF	TAF1
wgEncodeEH001523	GM12891		none	CTCF	POLR2
wgEncodeEH001522	GM12891		none	CTCF	POLR2
wgEncodeEH001521	GM12891		none	CTCF	SPI1
wgEncodeEH001520	GM12891		none	CTCF	POU2F2
wgEncodeEH001517	GM12878		none	CTCF	POLR2
wgEncodeEH001516	HepG2		none	CTCF	CTCF
wgEncodeEH001515	HepG2		none	CTCF	BHLHE40
wgEncodeEH001514	H1-hESC		none	CTCF	POLR2
wgEncodeEH001513	GM12892		none	CTCF	TAF1
wgEncodeEH001512	GM12892		none	CTCF	POLR2
wgEncodeEH001511	GM12892		none	CTCF	POLR2A
wgEncodeEH001509	A549		DEX_100nM	CTCF	USF1
wgEncodeEH001508	A549		EtOH_0.02pct	CTCF	CTCF
wgEncodeEH001507	A549		DEX_100nM	CTCF	CTCF
wgEncodeEH001506	HepG2		none	CTCF	RXRA
wgEncodeEH001505	HeLa-S3		none	CTCF	TAF1
wgEncodeEH001504	HeLa-S3		none	CTCF	GABPA
wgEncodeEH001503	HepG2		none	CTCF	ZBTB33
wgEncodeEH001501	HepG2		none	CTCF	FOSL2
wgEncodeEH001500	H1-hESC		none	CTCF	TAF1
wgEncodeEH001499	H1-hESC		none	CTCF	POLR2A
wgEncodeEH001498	H1-hESC		none	CTCF	REST
wgEncodeEH001496	GM12878		none	CTCF	SP1
wgEncodeEH001495	GM12878		none	CTCF	PAX5
wgEncodeEH001494	A549		DEX_100nM	CTCF	POLR2
wgEncodeEH001493	A549		EtOH_0.02pct	CTCF	POLR2
wgEncodeEH001492	A549		DEX_5nM	CTCF	NR3C1
wgEncodeEH001491	A549		DEX_50nM	CTCF	NR3C1
wgEncodeEH001490	A549		DEX_500pM	CTCF	NR3C1
wgEncodeEH001489	GM12878		none	CTCF	PAX5
wgEncodeEH001488	GM12878		none	CTCF	ZBTB33
wgEncodeEH001487	GM12878		none	CTCF	EP300
wgEncodeEH001486	GM12878		none	CTCF	BCL11A
wgEncodeEH001485	GM12878		none	CTCF	TCF12
wgEncodeEH001484	GM12878		none	CTCF	IRF4
wgEncodeEH001483	K562		none	CTCF	SIX5
wgEncodeEH001482	K562		none	CTCF	SPI1
wgEncodeEH001480	GM12878		none	CTCF	EBF1
wgEncodeEH001479	GM12878		none	CTCF	BATF
wgEncodeEH001478	GM12878		none	CTCF	TAF1
wgEncodeEH001477	GM12878		none	CTCF	PBX3
wgEncodeEH001476	GM12878		none	CTCF	SPI1
wgEncodeEH001475	GM12878		none	CTCF	POU2F2
wgEncodeEH001474	HeLa-S3		none	CTCF	POLR2A
wgEncodeEH001472	HepG2		none	CTCF	USF1
wgEncodeEH001471	HepG2		none	CTCF	SIN3A
wgEncodeEH001470	HepG2		none	CTCF	JUND
wgEncodeEH001468	GM12878		none	CTCF	USF1
wgEncodeEH001464	GM12878		none	CTCF	SRF
wgEncodeEH001463	GM12878		none	CTCF	POLR2A
wgEncodeEH001462	GM12878		none	CTCF	GABPA
wgEncodeEH001461	SK-N-MC		none	CTCF	FOXP2
wgEncodeEH001460	PFSK-1		none	CTCF	FOXP2
wgEncodeEH001211	K562		none	eGFP-JunD	JUND
wgEncodeEH001210	K562		none	eGFP-JunB	JUNB
wgEncodeEH001209	K562		none	eGFP-HDAC8	HDAC8
wgEncodeEH001208	K562		none	eGFP-GATA2	GATA2
wgEncodeEH001207	K562		none	eGFP-FOS	FOS
wgEncodeEH001136	Glioblasts		none	eGFP-JunD	JUND
wgEncodeEH001135	Glioblasts		none	eGFP-JunD	JUND
wgEncodeEH001134	MCF-7		estrogen	eGFP-JunD	JUND
wgEncodeEH001133	MCF-7		vehicle	eGFP-JunD	JUND
wgEncodeEH001132	MCF-7		vehicle	eGFP-JunD	JUND
wgEncodeEH001131	MCF-7		estrogen	eGFP-JunD	JUND
wgEncodeEH001130	MCF-7		none	eGFP-JunD	JUND
wgEncodeEH001127	Fibroblasts		none	eGFP-JunD	JUND
wgEncodeEH001048	NHDF-Ad		none	CTCF	CTCF
wgEncodeEH001041	Osteobl		none	CTCF	CTCF
wgEncodeEH001026	NH-A		none	CTCF	CTCF
wgEncodeEH001021	HeLa-S3		none	Pol2(b)	POLR2A
wgEncodeEH001012	HeLa-S3		none	CTCF	CTCF
wgEncodeEH001000	HSMMtube		none	CTCF	CTCF
wgEncodeEH000989	HA-sp		none	CTCF	CTCF
wgEncodeEH000988	HRPEpiC		none	CTCF	CTCF
wgEncodeEH000987	HPF		none	CTCF	CTCF
wgEncodeEH000986	HPAF		none	CTCF	CTCF
wgEncodeEH000985	HMF		none	CTCF	CTCF
wgEncodeEH000984	HEEpiC		none	CTCF	CTCF
wgEncodeEH000983	HCPEpiC		none	CTCF	CTCF
wgEncodeEH000982	HCFaa		none	CTCF	CTCF
wgEncodeEH000981	HBMEC		none	CTCF	CTCF
wgEncodeEH000980	AoAF		none	CTCF	CTCF
wgEncodeEH000979	AG10803		none	CTCF	CTCF
wgEncodeEH000978	AG09319		none	CTCF	CTCF
wgEncodeEH000977	AG09309		none	CTCF	CTCF
wgEncodeEH000976	AG04450		none	CTCF	CTCF
wgEncodeEH000975	AG04449		none	CTCF	CTCF
wgEncodeEH000781	HeLa-S3		none	Brg1	SMARCA4
wgEncodeEH000769	K562		MNaseD	SETDB1	SETDB1
wgEncodeEH000768	HUVEC		none	Max	MAX
wgEncodeEH000767	K562		none	BRF2	BRF2
wgEncodeEH000766	HeLa-S3		none	RPC155	POLR3A
wgEncodeEH000765	HeLa-S3		none	BRF2	BRF2
wgEncodeEH000763	HeLa-S3		none	BDP1	BDP1
wgEncodeEH000761	K562		IFNg6h	STAT1	STAT1
wgEncodeEH000760	K562		IFNg30	STAT1	STAT1
wgEncodeEH000759	HepG2		insulin	SREBP1	SREBP1
wgEncodeEH000758	HepG2		forskolin	Pol2	POLR2A
wgEncodeEH000757	HepG2		forskolin	PGC1A	PPARGC1A
wgEncodeEH000754	HepG2		forskolin	HSF1	HSF1
wgEncodeEH000753	HepG2		forskolin	HNF4A	HNF4A
wgEncodeEH000752	HepG2		forskolin	GRp20	NR3C1
wgEncodeEH000751	HepG2		forskolin	ERRA	ESRRA
wgEncodeEH000750	HepG2		forskolin	CEBPB	CEBPB
wgEncodeEH000749	GM12878		none	Rad21	RAD21
wgEncodeEH000748	K562		none	TFIIIC-110	GTF3C2
wgEncodeEH000747	HeLa-S3		none	TFIIIC-110	GTF3C2
wgEncodeEH000746	HeLa-S3		none	c-Jun	JUN
wgEncodeEH000745	HeLa-S3		none	JunD	JUND
wgEncodeEH000743	GM19193		none	Pol2	POLR2A
wgEncodeEH000741	GM19099		none	Pol2	POLR2A
wgEncodeEH000739	GM18951		none	Pol2	POLR2A
wgEncodeEH000738	GM18951		TNFa	NFKB	NFKB
wgEncodeEH000736	GM15510		TNFa	NFKB	NFKB
wgEncodeEH000735	GM12891		TNFa	NFKB	NFKB
wgEncodeEH000734	GM10847		TNFa	NFKB	NFKB
wgEncodeEH000733	GM18526		none	Pol2	POLR2A
wgEncodeEH000731	GM18505		none	Pol2	POLR2A
wgEncodeEH000729	GM12892		none	Pol2	POLR2A
wgEncodeEH000727	K562		none	Pol2	POLR2A
wgEncodeEH000725	K562		none	Ini1	SMARCB1
wgEncodeEH000724	K562		none	Brg1	SMARCA4
wgEncodeEH000723	HeLa-S3		none	Nrf1	NRF1
wgEncodeEH000722	HeLa-S3		none	Ini1	SMARCB1
wgEncodeEH000721	HeLa-S3		none	BAF170	SMARCC2
wgEncodeEH000720	HeLa-S3		none	BAF155	SMARCC1
wgEncodeEH000719	HUVEC		none	c-Jun	JUN
wgEncodeEH000718	GM19193		TNFa	NFKB	NFKB
wgEncodeEH000717	GM19099		TNFa	NFKB	NFKB
wgEncodeEH000716	GM18526		TNFa	NFKB	NFKB
wgEncodeEH000715	GM18505		TNFa	NFKB	NFKB
wgEncodeEH000714	GM15510		none	Pol2	POLR2A
wgEncodeEH000712	GM12892		TNFa	NFKB	NFKB
wgEncodeEH000710	GM12891		none	Pol2	POLR2A
wgEncodeEH000708	GM12878		none	Pol2	POLR2A
wgEncodeEH000705	GM10847		none	Pol2	POLR2A
wgEncodeEH000704	K562		IFNg30	Pol2	POLR2A
wgEncodeEH000703	K562		none	GTF2B	GTF2B
wgEncodeEH000702	HUVEC		none	Pol2	POLR2A
wgEncodeEH000701	K562		none	NELFe	NELFE
wgEncodeEH000700	K562		none	ATF3	ATF3
wgEncodeEH000699	HeLa-S3		none	E2F1	E2F1
wgEncodeEH000698	GM12878		none	ZZZ3	ZZZ3
wgEncodeEH000697	GM12878		none	TR4	TR4
wgEncodeEH000696	K562		none	ZNF274	ZNF274
wgEncodeEH000695	GM12878		none	YY1	YY1
wgEncodeEH000694	K562		none	Pol3	POLR3G
wgEncodeEH000693	MCF-7		none	HA-E2F1	E2F1
wgEncodeEH000692	HeLa-S3		none	E2F6	E2F6
wgEncodeEH000690	GM12878		TNFa	NFKB	NFKB
wgEncodeEH000689	HeLa-S3		none	E2F4	E2F4
wgEncodeEH000688	HeLa-S3		none	HA-E2F1	E2F1
wgEncodeEH000687	HeLa-S3		none	TR4	TR4
wgEncodeEH000686	HeLa-S3		none	AP-2gamma	TFAP2C
wgEncodeEH000685	HeLa-S3		none	AP-2alpha	TFAP2A
wgEncodeEH000684	K562		none	YY1	YY1
wgEncodeEH000683	K562		none	GATA-2	GATA2
wgEncodeEH000682	K562		none	TR4	TR4
wgEncodeEH000681	K562		none	SIRT6	SIRT6
wgEncodeEH000680	K562		none	RPC155	POLR3A
wgEncodeEH000679	K562		none	BRF1	BRF1
wgEncodeEH000678	K562		none	BDP1	BDP1
wgEncodeEH000677	K562		none	SETDB1	SETDB1
wgEncodeEH000676	K562		none	E2F6	E2F6
wgEncodeEH000675	HepG2		none	TR4	TR4
wgEncodeEH000673	K562		IFNg30	c-Jun	JUN
wgEncodeEH000671	K562		none	E2F4	E2F4
wgEncodeEH000670	K562		IFNg6h	c-Myc	MYC
wgEncodeEH000669	K562		IFNa6h	c-Myc	MYC
wgEncodeEH000668	K562		IFNg6h	c-Jun	JUN
wgEncodeEH000667	K562		IFNa6h	c-Jun	JUN
wgEncodeEH000666	K562		IFNa6h	STAT2	STAT2
wgEncodeEH000665	K562		IFNa30	STAT2	STAT2
wgEncodeEH000664	K562		IFNa6h	STAT1	STAT1
wgEncodeEH000663	K562		IFNa30	STAT1	STAT1
wgEncodeEH000662	K562		IFNg6h	Pol2	POLR2A
wgEncodeEH000661	K562		IFNa6h	Pol2	POLR2A
wgEncodeEH000660	K562		IFNa30	Pol2	POLR2A
wgEncodeEH000659	K562		IFNa30	c-Myc	MYC
wgEncodeEH000653	NT2-D1		none	YY1	YY1
wgEncodeEH000652	NT2-D1		none	SUZ12	SUZ12
wgEncodeEH000651	HCT-116		none	Pol2	POLR2A
wgEncodeEH000649	K562		none	Rad21	RAD21
wgEncodeEH000648	HeLa-S3		none	c-Myc	MYC
wgEncodeEH000647	HeLa-S3		none	c-Fos	FOS
wgEncodeEH000645	GM12878		none	Pol3	POLR3G
wgEncodeEH000639	GM12878		none	JunD	JUND
wgEncodeEH000638	K562		none	GATA-1	GATA1
wgEncodeEH000632	HEK293		none	Pol2	POLR2A
wgEncodeEH000630	K562		none	ZNF263	ZNF263
wgEncodeEH000629	HCT-116		none	TCF7L2	TCF7L2
wgEncodeEH000626	GM12878		none	Pol2	POLR2A
wgEncodeEH000624	K562		none	NF-E2	NFE2
wgEncodeEH000622	GM12878		none	c-Fos	FOS
wgEncodeEH000621	K562		none	c-Myc	MYC
wgEncodeEH000620	K562		none	c-Jun	JUN
wgEncodeEH000619	K562		none	c-Fos	FOS
wgEncodeEH000618	NB4		none	Pol2	POLR2A
wgEncodeEH000616	K562		none	Pol2	POLR2A
wgEncodeEH000614	HeLa-S3		IFNg30	STAT1	STAT1
wgEncodeEH000613	HeLa-S3		none	Pol2	POLR2A
wgEncodeEH000606	ProgFib		none	eGFP-JunD	JUND
wgEncodeEH000600	ProgFib		none	eGFP-JunD	JUND
wgEncodeEH000598	MCF-7		none	eGFP-JunD	JUND
wgEncodeEH000597	HeLa-S3		none	eGFP-JunD	JUND
wgEncodeEH000596	H1-hESC		none	eGFP-JunD	JUND
wgEncodeEH000592	GM12878		none	eGFP-JunD	JUND
wgEncodeEH000572	GM19240		none	eGFP-JunD	JUND
wgEncodeEH000571	GM19239		none	eGFP-JunD	JUND
wgEncodeEH000570	GM19238		none	eGFP-JunD	JUND
wgEncodeEH000569	GM12891		none	eGFP-JunD	JUND
wgEncodeEH000563	H1-hESC		none	eGFP-JunD	JUND
wgEncodeEH000562	GM12892		none	eGFP-JunD	JUND
wgEncodeEH000561	HUVEC		none	eGFP-JunD	JUND
wgEncodeEH000560	H1-hESC		none	eGFP-JunD	JUND
wgEncodeEH000559	NHEK		none	eGFP-JunD	JUND
wgEncodeEH000555	K562		none	eGFP-JunD	JUND
wgEncodeEH000554	HepG2		none	eGFP-JunD	JUND
wgEncodeEH000552	HUVEC		none	eGFP-JunD	JUND
wgEncodeEH000551	HUVEC		none	eGFP-JunD	JUND
wgEncodeEH000547	GM12878		none	eGFP-JunD	JUND
wgEncodeEH000545	HepG2		none	eGFP-JunD	JUND
wgEncodeEH000543	HepG2		none	eGFP-JunD	JUND
wgEncodeEH000542	HeLa-S3		none	eGFP-JunD	JUND
wgEncodeEH000541	HeLa-S3		none	eGFP-JunD	JUND
wgEncodeEH000536	K562		none	eGFP-JunD	JUND
wgEncodeEH000535	K562		none	eGFP-JunD	JUND
wgEncodeEH000532	GM12878		none	eGFP-JunD	JUND
wgEncodeEH000452	GM12875		none	CTCF	CTCF
wgEncodeEH000451	GM12874		none	CTCF	CTCF
wgEncodeEH000450	GM12873		none	CTCF	CTCF
wgEncodeEH000449	GM12872		none	CTCF	CTCF
wgEncodeEH000448	GM12865		none	CTCF	CTCF
wgEncodeEH000447	GM12864		none	CTCF	CTCF
wgEncodeEH000439	SK-N-SH_RA		none	CTCF	CTCF
wgEncodeEH000437	SAEC		none	CTCF	CTCF
wgEncodeEH000419	HMEC		none	CTCF	CTCF
wgEncodeEH000410	HUVEC		none	CTCF	CTCF
wgEncodeEH000406	NHEK		none	CTCF	CTCF
wgEncodeEH000405	HRE		none	CTCF	CTCF
wgEncodeEH000404	Caco-2		none	CTCF	CTCF
wgEncodeEH000403	BJ		none	CTCF	CTCF
wgEncodeEH000402	WERI-Rb-1		none	CTCF	CTCF
wgEncodeEH000401	HepG2		none	CTCF	CTCF
wgEncodeEH000399	K562		none	CTCF	CTCF
wgEncodeEH000398	HeLa-S3		none	CTCF	CTCF
wgEncodeEH000397	HL-60		none	CTCF	CTCF
wgEncodeEH000396	HEK293		none	CTCF	CTCF
wgEncodeEH000394	GM12878		none	CTCF	CTCF
wgEncodeEH000393	GM12801		none	CTCF	CTCF
wgEncodeEH000392	GM06990		none	CTCF	CTCF
wgEncodeEH000120	NHLF		none	CTCF	CTCF
wgEncodeEH000110	HSMM		none	CTCF	CTCF
wgEncodeEH000085	H1-hESC		none	CTCF	CTCF
wgEncodeEH000080	HepG2		none	CTCF	CTCF
wgEncodeEH000075	HMEC		none	CTCF	CTCF
wgEncodeEH000073	NHEK		none	Pol2(b)	POLR2A
wgEncodeEH000063	NHEK		none	CTCF	CTCF
wgEncodeEH000061	HUVEC		none	Pol2(b)	POLR2A
wgEncodeEH000054	HUVEC		none	CTCF	CTCF
wgEncodeEH000053	K562		none	Pol2(b)	POLR2A
wgEncodeEH000042	K562		none	CTCF	CTCF
wgEncodeEH000029	GM12878		none	CTCF	CTCF
GSM2758962	HUVEC		none	SIN3A	SIN3A
GSM2758963	HUVEC		hypoxia	SIN3A	SIN3A
GSM2390642	HUVEC		Hypoxia	HIF2a	EPAS1
GSM2390643	HUVEC		Hypoxia	HIF1B	ARNT
GSM991660	IMR90	Quiescent	none	E2F7 antibody	E2F7
GSM991659	IMR90	Growing	none	E2F7 antibody	E2F7
GSM970261	ProEs		none	ab55331 and ABE115	IRF2
GSM959626	LS180		3h calcitriol	SRC-1 (Santa Cruz M-341 sc-8495)	NCOA1
GSM959625	LS180		none	SRC-1 (Santa Cruz M-341 sc-8495)	NCOA1
GSM957607	T-ALL		none	E2A	TCF3
GSM957606	T-ALL		none	E2A	TCF3
GSM955978	HUVEC		24h 1% O2	HIF1A [Novus Biologicals NB100-134 lot.K2]	HIF1A
GSM955977	HUVEC		none	HIF1A [Novus Biologicals NB100-134 lot.K2]	HIF1A
GSM856791	786-O		none	Novus Biological NB100-110	ARNT
GSM856790	786-O		none	HIF-2alpha (PM9)	EPAS1
GSM831040	H1 ES		none	Active motif 3939731	SAP30
GSM810993	HeLa		none	rabbit polyclonal E2F7 Santa Cruz sc-66870	E2F7
GSM744581	primary epidermal keratinocytes		none	Anti-IkappaBalpha Upstate 06-494	NFKBIA
GSM738817	PC3		none	ETV4(Aviva Systems Biology)	ETV4
GSM717978	LY2	mammary gland epithelial cells	none	SCR-1 (Santa Cruz sc-8995)	NCOA1
GSM700945	MCF-7		0.5%02 16h	HIF-2 alpha	EPAS1
GSM700944	MCF-7		0.5%02 16h	HIF-1 alpha	HIF1A
GSM2466662	HEK293T		none	anti-HA.11	ZNF789
GSM2466621	HEK293T		none	anti-HA.11	ZNF641
GSM2466612	HEK293T		none	anti-HA.11	ZNF613
GSM2466601	HEK293T		none	anti-HA.11	ZNF567
GSM2466599	HEK293T		none	anti-HA.11	ZNF565
GSM2466596	HEK293T		none	anti-HA.11	ZNF561
GSM2466588	HEK293T		none	anti-HA.11	ZNF548
GSM2466569	HEK293T		none	anti-HA.11	ZNF480
GSM2466544	HEK293T		none	anti-HA.11	ZNF383
GSM2466525	HEK293T		none	anti-HA.13	ZNF304
GSM2466522	HEK293T		none	anti-HA.11	ZNF2
GSM2466520	HEK293T		none	anti-HA.11	ZNF287
GSM2466501	HEK293T		none	anti-HA.11	ZNF224
GSM2466495	HEK293T		none	anti-HA.11	ZNF211
GSM2466491	HEK293T		none	anti-HA.11	ZNF197
GSM2466489	HEK293T		none	anti-HA.11	ZNF189
GSM2466476	HEK293T		none	anti-HA.11	ZNF133
GSM2466461	HEK293T		none	anti-HA.12	ZKSCAN3
GSM2466455	HEK293T		none	anti-HA.11	ZIK1
GSM2410317	SK-N-SH		none	anti-FLAG(M2) (Sigma-1804 Lot SLBK1346V)	EBF3
GSM2257669	U2OS	Circadian through	none	abcam ab3350	ARNTL
GSM2257668	U2OS	Circadian peak	none	abcam ab3350	ARNTL
GSM2195108	RWPE1		none	Anti-EWS clone G5 sc-28327	ERG
GSM2195106	RWPE1		none	Anti-ERG Clone 9FY Biocare CM421 C	ERG
GSM2195103	RWPE1		none	Anti-ERG Clone 9FY Biocare CM421 C	ERG
GSM2131193	T47D		none	KDM5A	KDM5A
GSM2104439	HeLa		none	GFP (Abcam  ab290)	GATAD2A
GSM2095924	Kasumi		none	anti-NR4A1 (Santa Cruz sc-990)	NR4A1
GSM2095923	Kasumi		none	anti-NR4A1 (Santa Cruz sc-990)	NR4A1
GSM2026891	HEK293		none	anti-GFP antibody (ab290 Abcam)	ZNF281
GSM2026883	HEK293		none	GFP (Abcam  ab290)	ZNF224
GSM2026878	HEK293		none	GFP (Abcam  ab290)	MYNN
GSM2026867	HEK293		none	GFP (Abcam  ab290)	ZNF350
GSM2026866	HEK293		none	GFP (Abcam  ab290)	ZNF350
GSM2026865	HEK293		none	GFP (Abcam  ab290)	ZNF436
GSM2026864	HEK293		none	GFP (Abcam  ab290)	ZNF341
GSM2026861	HEK293		none	GFP (Abcam  ab290)	ZBTB18
GSM2026847	HEK293		none	anti-GFP antibody (ab290 Abcam)	ZSCAN31
GSM2026846	HEK293		none	GFP (Abcam  ab290)	ZNF419
GSM2026837	HEK293		none	GFP (Abcam  ab290)	ZFP28
GSM2026836	HEK293		none	GFP (Abcam  ab290)	ZFP28
GSM2026828	HEK293		none	GFP (Abcam  ab290)	ZFP82
GSM2026819	HEK293		none	GFP (Abcam  ab290)	ZNF322
GSM2026818	HEK293		none	GFP (Abcam  ab290)	ZNF449
GSM2026815	HEK293		none	GFP (Abcam  ab290)	ZNF770
GSM2026812	HEK293		none	GFP (Abcam  ab290)	ZNF260
GSM2026805	HEK293		none	GFP (Abcam  ab290)	ZNF146
GSM2026801	HEK293		none	anti-GFP antibody (ab290 Abcam)	ZNF33A
GSM2026794	HEK293		none	GFP (Abcam  ab290)	ZNF121
GSM2026793	HEK293		none	GFP (Abcam  ab290)	ZNF121
GSM2026791	HEK293		none	anti-GFP antibody (ab290 Abcam)	ZNF134
GSM2026790	HEK293		none	GFP (Abcam  ab290)	ZNF140
GSM2026788	HEK293		none	GFP (Abcam  ab290)	ZNF41
GSM2026787	HEK293		none	GFP (Abcam  ab290)	ZNF41
GSM2026762	HEK293		none	GFP (Abcam  ab290)	ZNF250
GSM2026761	HEK293		none	GFP-ZNF35	ZNF35
GSM2026757	HEK293		none	GFP (Abcam  ab290)	ZBTB48
GSM2026749	HEK293		none	GFP (Abcam  ab290)	KLF7
GSM2026748	HEK293		none	eGFP-PRDM1	PRDM1
GSM2026745	HEK293		none	GFP (Abcam  ab290)	ZBTB14
GSM2026052	Kasumi		none	ERG (Santa Cruz  sc-354)	ERG
GSM2026051	Kasumi		none	ERG (Santa Cruz sc-356)	FLI1
GSM1986068	HeLa		none	E2F8  Abcam ab109596	E2F8
GSM1970530	renal cortex	17 weeks	none	SIX2	SIX2
GSM1970529	renal cortex	17 weeks	none	SIX2	SIX2
GSM1970528	renal cortex	16 weeks	none	SIX2	SIX2
GSM1970527	renal cortex	17 weeks	none	SIX1	SIX1
GSM1970526	renal cortex	17 weeks	none	SIX1	SIX1
GSM1970525	renal cortex	16 weeks	none	SIX1	SIX1
GSM1961563	TH1		none	Bethyl Laboratories (A302-539A)	AFF4
GSM1899558	VCaP		none	Anti-ERG Clone 9FY Biocare CM421 C	ERG
GSM1898102	SH-SY5Y		none	anti-SATB1 (sc-5990)	SATB1
GSM1876187	MCF-7	Confluent	none	FOXM1	FOXM1
GSM1876186	MCF-7	Proliferating	none	FOXM1	FOXM1
GSM1867061	SK-N-BE(2)-C	Neuroblastoma	none	MYCN (Abcam ab16898)	MYCN
GSM1816455	THP-1	MLL-AF9 leukemia	none	anti-Bmal1 (Abcam ab3350  lot GR152555-3 1mg/ml)	ARNTL
GSM1816446	NOMO-1	MLL-AF9 leukemia	none	anti-Bmal1 (Abcam ab3350 lot GR152555-3 1mg/ml)	ARNTL
GSM1703916	OCI-LY-7		none	Bach2 (ARP39513 AVIVA)	BACH2
GSM1703893	DOHH2		none	Bach2 (ARP39513 AVIVA)	BACH2
GSM1693910	U2OS		none	HINFP (sc-49818 Santa Cruz Biotechnology)	HINFP
GSM1693904	hTERT-RPE1		none	HINFP (sc-49818 Santa Cruz Biotechnology)	HINFP
GSM1692868	ATCC HTB-96		none	hBMAL1 bethyl A302-616A	ARNTL
GSM1642769	786-O		none	HIF-2alpha Antibody (PM9)	EPAS1
GSM1642768	786-O		none	Novus Biological NB100-110	ARNT
GSM1642766	786-O		none	HIF-2alpha Antibody (PM9)	EPAS1
GSM1642765	786-O		none	Novus Biological NB100-110	ARNT
GSM1642764	786-O		none	HIF-1alpha Antibody (PM14)	HIF1A
GSM1642517	MCF-7		none	MTA3 (upstate)	MTA3
GSM1634924	HeLa		1% O2 for 16 hours.	E2F7 (sc-66870  Santa Cruz Biotechnology)	E2F7
GSM1634923	HeLa		none	E2F7 (sc-66870  Santa Cruz Biotechnology)	E2F7
GSM1624706	MDA-MB-231		none	sc-126 Santa Cruz	TP53
GSM1538431	LNCaP		none	CREB1	CREB1
GSM1538429	LNCaP		none	CREB1	CREB1
GSM1537615	NT2-D1		none	NANOG	NANOG
GSM1537612	h9 hESC		none	NANOG	NANOG
GSM1526876	HMEC-TERT		none	E2F1	E2F1
GSM1526875	HMEC-TERT		none	MYBL2	MYBL2
GSM1526874	HMEC-TERT		none	FOXM1	FOXM1
GSM1525104	Jurkat		KDM3A phosphorylation	P-KDM3A	KDM3A
GSM1525103	Jurkat		none	KDM3A	KDM3A
GSM1505763	HUES64	Endoderm	none	SOX17(AF1924)	SOX17
GSM1505762	HUES64	Mesoderm	none	SOX17(AF1924)	SOX17
GSM1505761	HUES64	Mesendoderm	none	SOX17(AF1924)	SOX17
GSM1505760	HUES64		none	SOX17(AF1924)	SOX17
GSM1505757	HUES64		none	SMAD4(Cell Signaling 9515BF 3)	SMAD4
GSM1505756	HUES64	Mesoderm	none	SMAD4(Cell Signaling 9515BF 3)	SMAD4
GSM1505755	HUES64	Ectoderm	none	SMAD4(Cell Signaling 9515BF 3)	SMAD4
GSM1505754	HUES64	Mesoderm	none	SMAD4(Cell Signaling 9515BF 3)	SMAD4
GSM1505753	HUES64	Mesendoderm	none	SMAD4(Cell Signaling 9515BF 3)	SMAD4
GSM1505752	HUES64	Endoderm	none	SMAD4(Cell Signaling 9515BF 3)	SMAD4
GSM1505751	HUES64		none	SMAD4(Cell Signaling 9515BF 3)	SMAD4
GSM1505703	HUES64	Ectoderm	none	NANOG(R&D Systems AF1997 KKJ0512051)	NANOG
GSM1505702	HUES64	Endoderm	none	NANOG(R&D Systems AF1997 KKJ0512051)	NANOG
GSM1505701	HUES64	Mesendoderm	none	NANOG(R&D Systems AF1997 KKJ0512051)	NANOG
GSM1505700	HUES64		none	NANOG(R&D Systems AF1997 KKJ0512051)	NANOG
GSM1505694	HUES64	Mesendoderm	none	NR5A2(Abcam ab-18293-GR34910-1)	NR5A2
GSM1505693	HUES64		none	NR5A2(Abcam ab-18293-GR34910-1)	NR5A2
GSM1505679	HUES64	Mesoderm	none	HEY1(Santa Cruz sc-16424 X F2411)	HEY1
GSM1495182	U2OS		20 min heat shock	HSF1	HSF1
GSM1495181	U2OS		10 min heat shock	HSF1	HSF1
GSM1462476	T47D		1%O2+1mMDMOG 16h	HIF1B (Abcam Ab-2)	ARNT
GSM1462475	T47D		1%O2+1mMDMOG 16h	HIF1a (Abcam Ab-2185)	HIF1A
GSM1443816	hMADS-3	Brite	none	anti-KLF11 (10D8; Novus Biologicals)	KLF11
GSM1443815	hMADS-3	White	none	anti-KLF11 (10D8; Novus Biologicals)	KLF11
GSM1443814	hMADS-3	Brite	none	anti-KLF11 (10D8; Novus Biologicals)	KLF11
GSM1443813	hMADS-3	White	none	anti-KLF11 (10D8; Novus Biologicals)	KLF11
GSM1443812	hMADS-3	Brite	none	anti-PPAR? (H-100, sc-7196; Santa Cruz)	PPARG
GSM1443811	hMADS-3	White	none	anti-PPAR? (H-100, sc-7196; Santa Cruz)	PPARG
GSM1443810	hMADS-3	Brite	none	anti-PPAR? (H-100, sc-7196; Santa Cruz)	PPARG
GSM1443809	hMADS-3	White	none	anti-PPAR? (H-100, sc-7196; Santa Cruz)	PPARG
GSM1438987	ICN12	primary pre-B acute lymphomablastic leukemia	none	E2A	TCF3
GSM1438986	ICN12	primary pre-B acute lymphomablastic leukemia	none	BCL6	BCL6
GSM1407653	HEK293		none	anti-GFP antibody (ab290 Abcam)	ZNF33A
GSM1407651	HEK293		none	GFP (Abcam ab290)	ZNF45
GSM1407646	HEK293		none	anti-GFP antibody (ab290 Abcam)	ZSCAN31
GSM1407645	HEK293		none	GFP (Abcam  ab290)	ZBTB18
GSM1407644	HEK293		none	GFP (Abcam  ab290)	ZNF322
GSM1407637	HEK293		none	GFP (Abcam  ab290)	ZNF41
GSM1407634	HEK293		none	polyclonal anti-GFP	ZNF35
GSM1407630	HEK293		none	GFP (Abcam ab290)	ZNF189
GSM1407627	HEK293		none	GFP (Abcam  ab290)	ZNF250
GSM1405082	HeLa		none	rabbit anti-AFF4 Ref PMID 20159561	AFF4
GSM1405078	HeLa		none	rabbit anti-AFF4 Ref PMID 20159561	AFF4
GSM1366695	Keratinocytes		none	p53(DO1)	TP53
GSM1366689	Keratinocytes		none	p53(DO1)	TP53
GSM1312994	Caki-2		100microM desferoxamine		HIF1A
GSM1306364	MGG8		none	Sall2 (Bethyll)	SALL2
GSM1290023	T3M-1 Cl-10		none	Monoclonal ANTI-FLAG M2	ELF4
GSM1278507	primary epidermal keratinocytes		none	MAFB (Santa Cruz cat. SC-7866  lot G0312)	MAFB
GSM1275921	U937		none	Flag (anti-Flag-M2 Sigma)	MIXL1
GSM1239665	MDA-MB-231		none	XBP1 (Biolegend 619502)	XBP1
GSM1239621	LoVo		none	Abcam : ab117775	ZBTB4
GSM1239595	LoVo		none	Abcam : ab10934	MYBL1
GSM1239589	LoVo		none	Abcam : ab63254	FOXO4
GSM1239583	LoVo		none	Abcam : ab66273	MYNN
GSM1239581	LoVo		none	Abcam : ab55731	MEOX2
GSM1239564	LoVo		none	Abcam : ab82396	ELF4
GSM1239562	LoVo		none	Abcam : ab98034	DRAP1
GSM1239560	LoVo		none	Abcam : ab11419	DDIT3
GSM1239558	LoVo		none	Abcam : ab67782	CREBL2
GSM1239556	LoVo		none	Abcam : ab31779	CDC5L
GSM1239549	LoVo		none	Abcam : ab86530	ARNTL2
GSM1239547	LoVo		none	Abcam : ab114971	ZNF639
GSM1239545	LoVo		none	Abcam : ab112047	ZNF281
GSM1239537	LoVo		none	Abcam : ab66942	PBX2
GSM1239529	LoVo		none	Abcam : ab82690	TCF7L1
GSM1239508	LoVo		none	Abcam : ab41834	ID3
GSM1239506	LoVo		none	Abcam : ab66495	ID1
GSM1239499	LoVo		none	Abcam : ab100916	ELF2
GSM1239498	LoVo		none	Abcam : ab109596	E2F8
GSM1239497	LoVo		none	Abcam : ab65222	E2F2
GSM1239491	LoVo		none	Abcam : ab49657	BACH1
GSM1239489	LoVo		none	Santa Cruz Biotechnology Inc. : sc-48790 X	ARNTL
GSM1239485	LoVo		none	Abcam : ab33907	RELB
GSM1239483	LoVo		none	Abcam : ab41928	PPARG
GSM1239482	LoVo		none	Abcam : ab2779	PPARA
GSM1239481	LoVo		none	Abcam : ab13851	NR4A1
GSM1239468	LoVo		none	KLF11	KLF11
GSM1239466	LoVo		none	Abcam : ab55331	IRF2
GSM1239463	LoVo		none	Abcam : ab76093	HOXB4
GSM1239462	LoVo		none	Abcam : ab66689	HOXA6
GSM1239461	LoVo		none	Abcam : ab82645	HOXA5
GSM1239460	LoVo		none	Abcam : ab26097	HOXA4
GSM1239445	LoVo		none	Santa Cruz Biotechnology Inc. : sc-25389 X	NR5A2
GSM1239443	LoVo		none	Santa Cruz Biotechnology Inc. : sc-11412 X	NR3C2
GSM1239442	LoVo		none	Santa Cruz Biotechnology Inc. : sc-166941 X	NR2F6
GSM1239438	LoVo		none	Santa Cruz Biotechnology Inc. : sc-166588 X	NFKB1
GSM1239433	LoVo		none	Santa Cruz Biotechnology Inc. : sc-98664 X	MIXL1
GSM1239431	LoVo		none	Santa Cruz Biotechnology Inc. : sc-74521 X	MAFB
GSM1239416	LoVo		none	Santa Cruz Biotechnology Inc. : sc-137134 X	HOXD9
GSM1239398	LoVo		none	Santa Cruz Biotechnology Inc. : sc-67140 X	FOXO1
GSM1239389	LoVo		none	Santa Cruz Biotechnology Inc. : sc-69367 X	CREB3L1
GSM1239383	LoVo		none	Santa Cruz Biotechnology Inc. : sc-48790 X	ARNTL
GSM1218851	Rhabdomyosarcoma		none	MYOD1	MYOD1
GSM1218850	myotube		none	MYOD1	MYOD1
GSM1218849	myoblast		none	MYOD1	MYOD1
GSM1208802	LoVo		none	TEAD2	TEAD2
GSM1208792	LoVo		none	SATB1	SATB1
GSM1208791	LoVo		none	RORA	RORA
GSM1208776	LoVo		none	NFKB2	NFKB2
GSM1208775	LoVo		none	NFATC4	NFATC4
GSM1208772	LoVo		none	MSX1	MSX1
GSM1208762	LoVo		none	JDP2	JDP2
GSM1208761	LoVo		none	ISL1	ISL1
GSM1208754	LoVo		none	HIVEP1	HIVEP1
GSM1208751	LoVo		none	GLI3	GLI3
GSM1208743	LoVo		none	ZFHX3	ZFHX3
GSM1208738	LoVo		none	ETS2	ETS2
GSM1208735	LoVo		none	ERG	ERG
GSM1208731	LoVo		none	E2F8	E2F8
GSM1208730	LoVo		none	E2F7	E2F7
GSM1208722	LoVo		none	CREM	CREM
GSM1208721	LoVo		none	CREB3L4	CREB3L4
GSM1208720	LoVo		none	CREB3	CREB3
GSM1208713	LoVo		none	ATF5	ATF5
GSM1208704	LoVo		none	ZNF250	ZNF250
GSM1208698	LoVo		none	XBP1	XBP1
GSM1208696	LoVo		none	TP53	TP53
GSM1208694	LoVo		none	TFEB	TFEB
GSM1208693	LoVo		none	TFE3	TFE3
GSM1208687	LoVo		none	TBX3	TBX3
GSM1208677	LoVo		none	SMAD4	SMAD4
GSM1208674	LoVo		none	SMAD2	SMAD2
GSM1208671	LoVo		none	RFX2	RFX2
GSM1208670	LoVo		none	RFX1	RFX1
GSM1208659	LoVo		none	NFE2L2	NFE2L2
GSM1208648	LoVo		none	MEF2A	MEF2A
GSM1208637	LoVo		none	HSF2	HSF2
GSM1208631	LoVo		none	HINFP	HINFP
GSM1208616	LoVo		none	ETV4	ETV4
GSM1208612	LoVo		none	ELF2	ELF2
GSM1208606	LoVo		none	E2F2	E2F2
GSM1208605	LoVo		none	DBP	DBP
GSM1208594	LoVo		none	CAMTA2	CAMTA2
GSM1208590	LoVo		none	ARNT	ARNT
GSM1122317	ME-1		none	Santa Cruz  sc-585	EP300
GSM1122314	ME-1		none	Santa Cruz  sc-354	ERG
GSM1122312	ME-1		none	Santa Cruz  sc-356	FLI1
GSM1084800	OCI-Ly7		none	BACH2	BACH2
GSM1065722	K562	Mitotic	30 min heatshock (42C)	HSF2	HSF2
GSM1065721	K562	Mitotic	30 min heatshock (42C)	HSF1	HSF1
GSM1065715	K562	Cycling	30 min heatshock (42C)	HSF2	HSF2
GSM1065714	K562	Cycling	30 min heatshock (42C)	HSF1	HSF1
GSM1065712	K562		none	HSF2 (stling et al. 2007  J. Biol. Chem. 282: 7077-7086)	HSF2
GSM1056836	macrophage		4h 1% O2	HIF2a	EPAS1
GSM1056835	macrophage		4h 1% O2	HIF2a	EPAS1
GSM1056832	macrophage		4h 1% O2	HIF1a	HIF1A
GSM1056831	macrophage		4h 1% O2	HIF1a	HIF1A
GSM1024800	MCF-7		none	ARNT antibody (Santa Cruz  H-172)	ARNT
GSM1024799	MCF-7		none	AHR antibody (Santa Cruz H-211)	AHR
GSE98983.2	HepG2		TNF	RELA	RELA
GSE98983.1	HepG2		none	RELA	RELA
GSE96473	HepG2		none	FLAG-GATAD2A	GATAD2A
GSE96461	HepG2		none	CREM	CREM
GSE96413	GM12878		none	CREM	CREM
GSE96359	HepG2		none	FLAG-BCL6_isoform1	BCL6
GSE96344	liver		none	FOXA1	FOXA1
GSE96333	HepG2		none	ETV4	ETV4
GSE96254	HepG2		none	FLAG-TFE3	TFE3
GSE96148	K562		none	DEAF1	DEAF1
GSE96121	HepG2		none	FLAG-CREB1	CREB1
GSE96114	liver		none	FOXA1	FOXA1
GSE96003	HepG2		none	ATF1	ATF1
GSE95956	K562		none	ATF1	ATF1
GSE95936	HepG2		none	FLAG-MLX	MLX
GSE95909	K562		none	CREM	CREM
GSE92196	K562		none	RFX1	RFX1
GSE92194	HEK293		none	e-GFP WT1	WT1
GSE92176	K562		none	NCOA1	NCOA1
GSE92164	K562		none	SIN3A	SIN3A
GSE92159	MCF-7		none	NONO	NONO
GSE92157	K562		none	NCOR1	NCOR1
GSE92132	HEK293		none	eGFP-ZBTB11	ZBTB11
GSE92093	GM12878		none	TRIM22	TRIM22
GSE92078	K562		none	FOXA1	FOXA1
GSE92077	GM12878		none	MYB	MYB
GSE92067	HEK293		none	eGFP-HIC1	HIC1
GSE92062	K562		none	NCOR1	NCOR1
GSE92059	MCF-7		none	RFX1	RFX1
GSE92043	K562		TNF	eGFP RELA	RELA
GSE92035	HEK293		none	eGFP-ZSCAN20	ZSCAN20
GSE92026	HEK293T		none	TARDBP	TARDBP
GSE91997	HeLa-S3		none	NFE2L2	NFE2L2
GSE91996	HEK293		none	eGFP-MYNN	MYNN
GSE91989	HEK293		none	eGFP-ZNF146	ZNF146
GSE91981	HEK293		none	eGFP-ZNF792	ZNF792
GSE91940	GM12878		none	TRIM22	TRIM22
GSE91936	K562		none	eGFP-TEAD2	TEAD2
GSE91919	K562		none	eGFP-HINFP	HINFP
GSE91909	HepG2		none	TBX3	TBX3
GSE91907	HEK293		none	eGFP-KLF7	KLF7
GSE91894	A549		none	NFE2L2	NFE2L2
GSE91880	K562		none	YBX3	YBX3
GSE91851	HEK293		none	eGFP-GLIS2	GLIS2
GSE91830	A549		none	SIN3A	SIN3A
GSE91809	HepG2		none	NFE2L2	NFE2L2
GSE91789	MCF-7		none	SIN3A	SIN3A
GSE91753	K562		none	MIER1	MIER1
GSE91749	HEK293		none	eGFP-ZEB2	ZEB2
GSE91745	GM12878		none	TARDBP	TARDBP
GSE91727	MCF-7		none	MTA3	MTA3
GSE91709	K562		none	IRF2	IRF2
GSE91687	MCF-7		none	MTA1	MTA1
GSE91663	K562		none	ZEB2	ZEB2
GSE91643	K562		none	NCOR1	NCOR1
GSE91630	MCF-7		none	SIX4	SIX4
GSE91618	HepG2		none	FOXA1	FOXA1
GSE91614	K562		none	eGFP-PBX2	PBX2
GSE91565	IMR90		none	NFE2L2	NFE2L2
GSE91535	K562		none	ARNT	ARNT
GSE91518	K562		none	eGFP-NR4A1	NR4A1
GSE91509	K562		none	CDC5L	CDC5L
GSE91495	K562		none	CREB3L1	CREB3L1
GSE91480	HEK293		none	eGFP-PRDM1	PRDM1
GSE91473	HEK293T		none	FOXA1	FOXA1
GSE91471	K562		none	eGFP-CREB3	CREB3
GSE91470	K562		none	HES1	HES1
GSE91469	K562		none	ATF1	ATF1
GSE91455	HEK293		none	eGFP-ZNF639	ZNF639
GSE91448	MCF-7		none	RFX1	RFX1
GSE91444	MCF-7		none	HSF1	HSF1
GSE91431	K562		none	RFX1	RFX1
GSE91427	K562		none	TARDBP	TARDBP
GSE91422	HEK293		none	eGFP-ZNF623	ZNF623
GSE91416	HEK293		none	eGFP-ZNF600	ZNF600
GSE91411	HEK293		none	eGFP-ZNF2	ZNF2
GSE91408	K562		none	GFP-ID3	ID3
GSE91406	K562		none	ZEB2	ZEB2
GSE79694	ES		none	Santa Cruz FOXM1-C20 (sc-502)	FOXM1
GSE73725	h9 hESC		none	Anti-Nanog antibody (R&D AF1997)	NANOG
GSE69566.3	HepG2		none	Bethyl - A302-230A	ARID2
GSE69566.2	HepG2		none	Santa Cruz - sc-32762X	ARID1B
GSE69566.1	HepG2		none	Santa Cruz - sc-32761X	ARID1A
GSE64233	SGBS	adipocyte D10	TNF	RELA (C-20 sc-372 Santa Cruz)	RELA
GSE60006	SW1353		none	Anti-FLAG M2 Affinity Antibody	HES1
GSE59933	CXCR5hi CD4 T cells		none	BCL6 (Santa Cruz sc-858)	BCL6
GSE58685	hESC	differentiated into pancreatic lineage	none	PDX1	PDX1
GSE53041.9	THP-1		80 min calcitriol	VDR	VDR
GSE53041.8	LX2		none	VDR	VDR
GSE53041.7	LX2		80 min calcitriol	VDR	VDR
GSE53041.6	LS180		none	VDR	VDR
GSE53041.5	LS180		80 min calcitriol	VDR	VDR
GSE53041.4	GM10861		none	VDR	VDR
GSE53041.3	GM10861		80 min calcitriol	VDR	VDR
GSE53041.2	GM10855		none	VDR	VDR
GSE53041.10	THP-1		none	VDR	VDR
GSE53041.1	GM10855		80 min calcitriol	VDR	VDR
GSE37589	GM11992		none	anti-NRF2 (Epitomics Clone ID EP1808Y)	NFE2L2
GSM2480800	LNCaP		none	AR (sc-816; Santa Cruz)	AR
GSM2480802	LNCaP		none	AR (sc-816; Santa Cruz)	AR
GSM2480804	LNCaP		none	ARID1a (sc-32761x; Santa Cruz)	ARID1A
GSM2480806	LNCaP		none	ARID1a (sc-32761x; Santa Cruz)	ARID1A
GSE92083	K562		none	ARID1B	ARID1B
GSM2574781	HepG2		none	R21.1.1E9	ARID3A
GSM2480808	LNCaP		none	BRG1 (A300-813A; Bethyl)	SMARCA4
GSM2480810	LNCaP		none	BRG1 (A300-813A; Bethyl)	SMARCA4
GSE101211	GM12878		none	CBX3	CBX3
GSE101135	H1-hESC		none	CBX3	CBX3
GSE96365	HepG2		none	DRAP1	DRAP1
GSE91713	MCF7		none	ELK1	ELK1
GSE91969	IMR90		none	ELK1	ELK1
GSE91805	K562		none	ESRRA	ESRRA
GSE91793	A549		none	ESRRA	ESRRA
GSE92187	MCF7		none	ESRRA	ESRRA
GSM2574795	GM12878		none	R1092.1.1A7	ETV6
GSM2574796	GM12878		none	R1092.1.1A9	ETV6
GSE105487	Liver		none	FOXA2	FOXA2
GSE105218	HepG2		none	FOXA2	FOXA2
GSM2574751	HepG2		none	R5.2.1B7	FOXO3
GSM2574753	K562		none	R5.2.1B7	FOXO3
GSE105837	K562		none	HDAC1	HDAC1
GSE92092	K562		none	HDAC8	HDAC8
GSE76376	HEE		none	HNF1, sc-8986x	HNF1A
GSE96385	HepG2		none	HNF1A	HNF1A
GSM1574275	PDAC		none	Anti-HNF1B (Sigma, HPA002083)	HNF1B
GSE105587	GM12878		none	IKZF1	IKZF1
GSE91730	K562		none	IKZF1	IKZF1
GSM1574276	PDAC		none	Anti-IRF1 (SCBT, SC-640)	IRF1
GSM2574747	HepG2		none	R846.1.1D3	KLF10
GSM2574805	MCF7		none	R846.1.1D3	KLF10
GSM1919982	PDAC		none	Anti-KLF4 (RnD, AF3640)	KLF4
GSM1919983	PDAC		none	Anti-KLF6 (SCBT SC-7158)	KLF6
GSE105823	K562		none	MTA1	MTA1
GSM1859068	Th1		none	MYB Abcam ab45150	MYB
GSM1859069	Th1		none	MYB Abcam ab45150	MYB
GSM1859070	Th2		none	MYB Abcam ab45150	MYB
GSM2574801	HepG2		none	R1106.1.2A12	NFATC3
GSE96124	liver		none	NR2F2	NR2F2
GSE95962	liver		none	NR2F2	NR2F2
GSE96210	HepG2		none	NR2F6	NR2F6
GSE96327	K562		none	NR2F6	NR2F6
GSM1831600	SMMC-7721		Transfection by PBX3 Lentivirus	Abcam ab109173	PBX3
GSE101203	A549		none	PHF8	PHF8
GSM558470	HeLa	Unsynchronized	none	PHF8 ab35471	PHF8
GSM558471	HeLa	G1	none	PHF8 ab35471	PHF8
GSM558472	HeLa	G1/S	none	PHF8 ab35471	PHF8
GSE96009	iPSC		none	POU5F1	POU5F1
GSM1842789	KH2 mESC		none	sc-5279	POU5F1
GSE95940	HepG2		none	PPARG	PPARG
GSM1693101	SK-N-SH		none	RARa (C-20), Santa Cruz,Cat No. Sc551	RARA
GSM1693103	SK-N-SH		retinoid acid	RARa (C-20), Santa Cruz,Cat No. Sc551	RARA
GSE106046	GM12878		none	RB1	RB1
GSE105638	K562		none	RB1	RB1
GSM2574755	GM12878		none	R16.1.2H10	STAT2
GSM1366686	keratinocytes		none	p63(4A4)	TP63
GSM1366692	keratinocytes		none	p63(4A4)	TP63
GSE43111	EP156T		none	anti-p63 4A4	TP63
GSM830121	keratinocytes	Progenitor	none	anti-p63 4A4	TP63
GSM830122	keratinocytes	Differentiated	3 days Ca2+	anti-p63 4A4	TP63
GSM2574794	GM12878		none	YP322.1.1A8	TP73
GSM1208805	LoVo		none	TP73	TP73
